,School Type,Total School Budget,Total Students,Per Student Budget,Average Math Schore,Average Reading Score,% Passing Math,% Passing Reading,% Overall Passing Rate
Cabrera High School,Charter,1081356,1858,582.0,83.06189451022605,83.97578040904197,94.1334768568353,97.03982777179763,95.58665231431647
Griffin High School,Charter,917500,1468,625.0,83.35149863760218,83.816757493188,93.39237057220708,97.13896457765668,95.26566757493188
Holden High School,Charter,248087,427,581.0,83.80327868852459,83.81498829039812,92.50585480093677,96.25292740046838,94.37939110070258
Pena High School,Charter,585858,962,609.0,83.83991683991684,84.04469854469855,94.5945945945946,95.94594594594594,95.27027027027026
Shelton High School,Charter,1056600,1761,600.0,83.3594548551959,83.72572402044293,93.8671209540034,95.85462805224304,94.86087450312323
Thomas High School,Charter,1043130,1635,638.0,83.4183486238532,83.84892966360856,93.27217125382263,97.30886850152906,95.29051987767585
Wilson High School,Charter,1319574,2283,578.0,83.2742006132282,83.98948751642575,93.8677179150241,96.53964082347788,95.20367936925099
Wright High School,Charter,1049400,1800,583.0,83.68222222222222,83.955,93.33333333333333,96.61111111111111,94.97222222222223
