,School Type,Total School Budget,Total Students,Per Student Budget,Average Math Schore,Average Reading Score,% Passing Math,% Passing Reading,% Overall Passing Rate
Bailey High School,District,3124928,4976,628.0,77.04843247588424,81.03396302250803,66.68006430868168,81.93327974276528,74.30667202572349
Figueroa High School,District,1884411,2949,639.0,76.71176670057646,81.15801966768396,65.98847066802306,80.73923363852154,73.36385215327229
Ford High School,District,1763916,2739,644.0,77.10259218692954,80.74625775830594,68.3096020445418,79.29901423877328,73.80430814165754
Hernandez High School,District,3022020,4635,652.0,77.28975188781014,80.9344120819849,66.7529665587918,80.86299892125135,73.80798274002157
Huang High School,District,1910635,2917,655.0,76.62941378128214,81.18272197463148,65.68392183750429,81.31642098045938,73.50017140898183
Johnson High School,District,3094650,4761,650.0,77.07246376811594,80.96639361478681,66.0575509346776,81.2224322621298,73.6399915984037
Rodriguez High School,District,2547363,3999,637.0,76.84271067766942,80.74468617154288,66.36659164791197,80.22005501375344,73.2933233308327
